is_background,id_in_level,id,probability,level
False,0,0,1,0
False,0,1,0.0594722,1
False,1,2,0.0582107,1
False,2,3,0.0592132,1
False,3,4,0.0611496,1
False,4,5,0.0758405,1
False,5,6,0.059208,1
False,6,7,0.0609452,1
False,7,8,0.0941984,1
False,8,9,0.0664306,1
False,9,10,0.0667267,1
False,10,11,0.0581045,1
False,11,12,0.0619163,1
False,12,13,0.0895049,1
False,13,14,0.0612893,1
False,14,15,0.06779,1
